<?xml version="1.0" encoding="utf-8"?>
<extension type="module" version="3.1.0" client="site" method="upgrade">
    <name>Hello, World!</name>
    <author>John Doe</author>
    <version>1.0.1</version>
    <description>A simple Hello, World! module with database.</description>
    <files>
        <filename>mod_helloworld.xml</filename>
        <filename module="mod_helloworld">mod_helloworld.php</filename>
        <filename>index.html</filename>
        <filename>helper.php</filename>
        <filename>tmpl/default.php</filename>
        <filename>tmpl/index.html</filename>
        <folder>sql</folder>
    </files>
    <config>    
		<fields name="params">
		    <fieldset name="basic">
		        <field
		               name="lang"
		               type="sql"
		               default="1"
		               label="Select a language"
		               query="SELECT hello AS value, lang FROM #__helloworld" />
		    </fieldset>
		</fields>      
    </config>

	<install>
	     <sql>
	         <file driver="mysql" charset="utf8">sql/mysql/install.mysql.utf8.sql</file>
	     </sql>
	</install>
	
	<uninstall>
	     <sql>
	         <file driver="mysql" charset="utf8">sql/mysql/uninstall.mysql.utf8.sql</file>
	     </sql>
	</uninstall>
	
	<update> 
	    <schemas>
	        <schemapath type="mysql">sql/mysql/updates</schemapath> 
		</schemas> 
	</update>

</extension>